{
	"schemaVersion": 1,
	"id": "chicken",
	"version": "${version}",
	"name": "chicken",
	"description": "This is an example description! Tell everyone what your mod is about!",
	"authors": [
		"Me!"
	],
	"contact": {
		"homepage": "https://fabricmc.net/",
		"sources": "https://github.com/FabricMC/fabric-example-mod"
	},
	"license": "CC0-1.0",
	"icon": "assets/chicken/icon.png",
	"environment": "*",
	"entrypoints": {
		"main": [
			"chromeskullex.chicken.Chicken"
		],
		"client": [
			"chromeskullex.chicken.ChickenClient"
		],
		"fabric-datagen": [
			"chromeskullex.chicken.ChickenDataGenerator"
		]
	},
	"mixins": [
		"chicken.mixins.json",
		{
			"config": "chicken.client.mixins.json",
			"environment": "client"
		}
	],
	"depends": {
		"fabricloader": ">=0.16.9",
		"minecraft": "~1.20.1",
		"java": ">=17",
		"fabric-api": "*"
	},
	"suggests": {
		"another-mod": "*"
	}
}